{"cameraMode":{"drawMode":0,"name":"Shaded","section":"Shading Mode"},"sceneLighting":false,"audioPlay":false,"sceneViewState":{"showFog":true,"showMaterialUpdate":false,"showSkybox":false,"showFlares":true,"showImageEffects":true,"showParticleSystems":true},"in2DMode":false,"pivot":{"x":0.0001254826784133911,"y":1.0936098098754883,"z":0.0008768439292907715},"rotation":{"x":-0.3439289629459381,"y":0.3892008662223816,"z":-0.1594412922859192,"w":-0.8395384550094605},"size":0.9417566657066345,"orthographic":false}