{"cameraMode":{"drawMode":0,"name":"Shaded","section":"Shading Mode"},"sceneLighting":false,"audioPlay":false,"sceneViewState":{"showFog":true,"showMaterialUpdate":false,"showSkybox":false,"showFlares":true,"showImageEffects":true,"showParticleSystems":true},"in2DMode":false,"pivot":{"x":0.0001254826784133911,"y":0.23800000548362733,"z":0.3808205723762512},"rotation":{"x":-0.3439289629459381,"y":0.3892008662223816,"z":-0.1594412922859192,"w":-0.8395384550094605},"size":0.9375858902931213,"orthographic":false}