{"cameraMode":{"drawMode":0,"name":"Shaded","section":"Shading Mode"},"sceneLighting":false,"audioPlay":false,"sceneViewState":{"showFog":true,"showMaterialUpdate":false,"showSkybox":false,"showFlares":true,"showImageEffects":true,"showParticleSystems":true},"in2DMode":false,"pivot":{"x":-0.015400916337966919,"y":0.2555582523345947,"z":0.008989661931991578},"rotation":{"x":0.2567417323589325,"y":-0.07240388542413712,"z":0.019291628152132036,"w":0.9635723829269409},"size":3.5858383178710939,"orthographic":true}