{"cameraMode":{"drawMode":0,"name":"Shaded","section":"Shading Mode"},"sceneLighting":false,"audioPlay":false,"sceneViewState":{"showFog":true,"showMaterialUpdate":false,"showSkybox":false,"showFlares":true,"showImageEffects":true,"showParticleSystems":true},"in2DMode":false,"pivot":{"x":0.0003926604986190796,"y":-0.00004313141107559204,"z":0.000462360680103302},"rotation":{"x":-0.057205766439437869,"y":-0.05029936879873276,"z":0.0028875446878373625,"w":-0.9970968961715698},"size":1.1342380046844483,"orthographic":false}